message_id,message,label,reason,topic,writing_style,difficulty,scenario_group,source,split,reviewer_1,reviewer_2,review_status
TR-C-01-1,My mother has collapsed and is not responding when I call her name.,Critical,Unresponsive person may face an immediate threat to life.,medical,plain,clear,train-critical-01,synthetic_team_dataset_v1,train,,,Pending
TR-C-01-2,Please have a person check this message: my mother has collapsed and is not responding when I call her name.,Critical,Unresponsive person may face an immediate threat to life.,medical,formal_context,clear,train-critical-01,synthetic_team_dataset_v1,train,,,Pending
TR-C-01-3,I am contacting the service because my mother has collapsed and is not responding when I call her name.,Critical,Unresponsive person may face an immediate threat to life.,medical,detailed_context,clear,train-critical-01,synthetic_team_dataset_v1,train,,,Pending
TR-C-01-4,pls check this msg: my mother has collapsed ands not responding when i call her name,Critical,Unresponsive person may face an immediate threat to life.,medical,informal_or_typo,clear,train-critical-01,synthetic_team_dataset_v1,train,,,Pending
TR-C-02-1,Smoke is filling the kitchen and two children are still inside the unit.,Critical,Active fire or smoke with children inside is an immediate emergency.,fire,plain,clear,train-critical-02,synthetic_team_dataset_v1,train,,,Pending
TR-C-02-2,Please have a person check this message: smoke is filling the kitchen and two children are still inside the unit.,Critical,Active fire or smoke with children inside is an immediate emergency.,fire,formal_context,clear,train-critical-02,synthetic_team_dataset_v1,train,,,Pending
TR-C-02-3,I am contacting the service because smoke is filling the kitchen and two children are still inside the unit.,Critical,Active fire or smoke with children inside is an immediate emergency.,fire,detailed_context,clear,train-critical-02,synthetic_team_dataset_v1,train,,,Pending
TR-C-02-4,pls check this msg: smokes filling the kitchen and two children are still inside the unit,Critical,Active fire or smoke with children inside is an immediate emergency.,fire,informal_or_typo,clear,train-critical-02,synthetic_team_dataset_v1,train,,,Pending
TR-C-03-1,I can smell strong gas in the house and everyone is feeling dizzy.,Critical,Possible gas exposure with symptoms requires immediate escalation.,utilities,plain,clear,train-critical-03,synthetic_team_dataset_v1,train,,,Pending
TR-C-03-2,Please have a person check this message: i can smell strong gas in the house and everyone is feeling dizzy.,Critical,Possible gas exposure with symptoms requires immediate escalation.,utilities,formal_context,clear,train-critical-03,synthetic_team_dataset_v1,train,,,Pending
TR-C-03-3,I am contacting the service because i can smell strong gas in the house and everyone is feeling dizzy.,Critical,Possible gas exposure with symptoms requires immediate escalation.,utilities,detailed_context,clear,train-critical-03,synthetic_team_dataset_v1,train,,,Pending
TR-C-03-4,pls check this msg: i can smell strong gas in the house and everyones feeling dizzy,Critical,Possible gas exposure with symptoms requires immediate escalation.,utilities,informal_or_typo,clear,train-critical-03,synthetic_team_dataset_v1,train,,,Pending
TR-C-04-1,A man outside is holding a knife and threatening people at the bus stop.,Critical,Active weapon threat creates immediate danger to people.,violence,plain,clear,train-critical-04,synthetic_team_dataset_v1,train,,,Pending
TR-C-04-2,Please have a person check this message: a man outside is holding a knife and threatening people at the bus stop.,Critical,Active weapon threat creates immediate danger to people.,violence,formal_context,clear,train-critical-04,synthetic_team_dataset_v1,train,,,Pending
TR-C-04-3,I am contacting the service because a man outside is holding a knife and threatening people at the bus stop.,Critical,Active weapon threat creates immediate danger to people.,violence,detailed_context,clear,train-critical-04,synthetic_team_dataset_v1,train,,,Pending
TR-C-04-4,pls check this msg: a man outsides holding a knife and threatening people at the bus stop,Critical,Active weapon threat creates immediate danger to people.,violence,informal_or_typo,clear,train-critical-04,synthetic_team_dataset_v1,train,,,Pending
TR-C-05-1,My baby is choking and cannot make any sound.,Critical,A choking infant unable to vocalise may be unable to breathe.,medical,plain,clear,train-critical-05,synthetic_team_dataset_v1,train,,,Pending
TR-C-05-2,Please have a person check this message: my baby is choking and cannot make any sound.,Critical,A choking infant unable to vocalise may be unable to breathe.,medical,formal_context,clear,train-critical-05,synthetic_team_dataset_v1,train,,,Pending
TR-C-05-3,I am contacting the service because my baby is choking and cannot make any sound.,Critical,A choking infant unable to vocalise may be unable to breathe.,medical,detailed_context,clear,train-critical-05,synthetic_team_dataset_v1,train,,,Pending
TR-C-05-4,pls check this msg: my babys choking and cant make any sound,Critical,A choking infant unable to vocalise may be unable to breathe.,medical,informal_or_typo,clear,train-critical-05,synthetic_team_dataset_v1,train,,,Pending
TR-C-06-1,The power line has fallen across our front steps and it is sparking.,Critical,A sparking fallen power line presents immediate electrocution risk.,electrical,plain,clear,train-critical-06,synthetic_team_dataset_v1,train,,,Pending
TR-C-06-2,Please have a person check this message: the power line has fallen across our front steps and it is sparking.,Critical,A sparking fallen power line presents immediate electrocution risk.,electrical,formal_context,clear,train-critical-06,synthetic_team_dataset_v1,train,,,Pending
TR-C-06-3,I am contacting the service because the power line has fallen across our front steps and it is sparking.,Critical,A sparking fallen power line presents immediate electrocution risk.,electrical,detailed_context,clear,train-critical-06,synthetic_team_dataset_v1,train,,,Pending
TR-C-06-4,pls check this msg: the power line has fallen across our front steps and its sparking,Critical,A sparking fallen power line presents immediate electrocution risk.,electrical,informal_or_typo,clear,train-critical-06,synthetic_team_dataset_v1,train,,,Pending
TR-C-07-1,My partner says she will harm herself tonight and has locked herself in the bathroom.,Critical,Stated imminent self-harm intent requires immediate human intervention.,mental_health,plain,clear,train-critical-07,synthetic_team_dataset_v1,train,,,Pending
TR-C-07-2,Please have a person check this message: my partner says she will harm herself tonight and has locked herself in the bathroom.,Critical,Stated imminent self-harm intent requires immediate human intervention.,mental_health,formal_context,clear,train-critical-07,synthetic_team_dataset_v1,train,,,Pending
TR-C-07-3,I am contacting the service because my partner says she will harm herself tonight and has locked herself in the bathroom.,Critical,Stated imminent self-harm intent requires immediate human intervention.,mental_health,detailed_context,clear,train-critical-07,synthetic_team_dataset_v1,train,,,Pending
TR-C-07-4,pls check this msg: my partner says she will harm herself tonight and has locked herself in the bathroom,Critical,Stated imminent self-harm intent requires immediate human intervention.,mental_health,informal_or_typo,clear,train-critical-07,synthetic_team_dataset_v1,train,,,Pending
TR-C-08-1,A child is alone in a locked car in the afternoon heat.,Critical,A child in a hot locked vehicle faces immediate danger.,child_safety,plain,clear,train-critical-08,synthetic_team_dataset_v1,train,,,Pending
TR-C-08-2,Please have a person check this message: a child is alone in a locked car in the afternoon heat.,Critical,A child in a hot locked vehicle faces immediate danger.,child_safety,formal_context,clear,train-critical-08,synthetic_team_dataset_v1,train,,,Pending
TR-C-08-3,I am contacting the service because a child is alone in a locked car in the afternoon heat.,Critical,A child in a hot locked vehicle faces immediate danger.,child_safety,detailed_context,clear,train-critical-08,synthetic_team_dataset_v1,train,,,Pending
TR-C-08-4,pls check this msg: a childs alone in a locked car in the afternoon heat,Critical,A child in a hot locked vehicle faces immediate danger.,child_safety,informal_or_typo,clear,train-critical-08,synthetic_team_dataset_v1,train,,,Pending
TR-C-09-1,Someone is forcing the back door open right now and we are hiding inside.,Critical,A break-in in progress places occupants in immediate danger.,violence,plain,clear,train-critical-09,synthetic_team_dataset_v1,train,,,Pending
TR-C-09-2,Please have a person check this message: someone is forcing the back door open right now and we are hiding inside.,Critical,A break-in in progress places occupants in immediate danger.,violence,formal_context,clear,train-critical-09,synthetic_team_dataset_v1,train,,,Pending
TR-C-09-3,I am contacting the service because someone is forcing the back door open right now and we are hiding inside.,Critical,A break-in in progress places occupants in immediate danger.,violence,detailed_context,clear,train-critical-09,synthetic_team_dataset_v1,train,,,Pending
TR-C-09-4,pls check this msg: sumones forcing the back door open right now and we are hiding inside,Critical,A break-in in progress places occupants in immediate danger.,violence,informal_or_typo,clear,train-critical-09,synthetic_team_dataset_v1,train,,,Pending
TR-C-10-1,My brother was bitten by a snake and is becoming sleepy.,Critical,Snakebite with worsening symptoms can be life-threatening.,medical,plain,clear,train-critical-10,synthetic_team_dataset_v1,train,,,Pending
TR-C-10-2,Please have a person check this message: my brother was bitten by a snake and is becoming sleepy.,Critical,Snakebite with worsening symptoms can be life-threatening.,medical,formal_context,clear,train-critical-10,synthetic_team_dataset_v1,train,,,Pending
TR-C-10-3,I am contacting the service because my brother was bitten by a snake and is becoming sleepy.,Critical,Snakebite with worsening symptoms can be life-threatening.,medical,detailed_context,clear,train-critical-10,synthetic_team_dataset_v1,train,,,Pending
TR-C-10-4,pls check this msg: my brother was bitten by a snake ands becoming sleepy,Critical,Snakebite with worsening symptoms can be life-threatening.,medical,informal_or_typo,clear,train-critical-10,synthetic_team_dataset_v1,train,,,Pending
TR-C-11-1,The ceiling is falling while my family is still in the room.,Critical,Active structural collapse threatens occupants immediately.,housing,plain,clear,train-critical-11,synthetic_team_dataset_v1,train,,,Pending
TR-C-11-2,Please have a person check this message: the ceiling is falling while my family is still in the room.,Critical,Active structural collapse threatens occupants immediately.,housing,formal_context,clear,train-critical-11,synthetic_team_dataset_v1,train,,,Pending
TR-C-11-3,I am contacting the service because the ceiling is falling while my family is still in the room.,Critical,Active structural collapse threatens occupants immediately.,housing,detailed_context,clear,train-critical-11,synthetic_team_dataset_v1,train,,,Pending
TR-C-11-4,pls check this msg: the ceilings falling while my familys still in the room,Critical,Active structural collapse threatens occupants immediately.,housing,informal_or_typo,clear,train-critical-11,synthetic_team_dataset_v1,train,,,Pending
TR-C-12-1,I swallowed too many tablets and now I feel faint.,Critical,Reported overdose with symptoms is an immediate medical emergency.,medical,plain,clear,train-critical-12,synthetic_team_dataset_v1,train,,,Pending
TR-C-12-2,Please have a person check this message: i swallowed too many tablets and now I feel faint.,Critical,Reported overdose with symptoms is an immediate medical emergency.,medical,formal_context,clear,train-critical-12,synthetic_team_dataset_v1,train,,,Pending
TR-C-12-3,I am contacting the service because i swallowed too many tablets and now I feel faint.,Critical,Reported overdose with symptoms is an immediate medical emergency.,medical,detailed_context,clear,train-critical-12,synthetic_team_dataset_v1,train,,,Pending
TR-C-12-4,pls check this msg: i swallowed too many tablets and now i feel faint,Critical,Reported overdose with symptoms is an immediate medical emergency.,medical,informal_or_typo,clear,train-critical-12,synthetic_team_dataset_v1,train,,,Pending
TR-C-13-1,Floodwater is rising around the electrical sockets while we are inside.,Critical,Rising water near live electricity creates immediate danger.,weather,plain,clear,train-critical-13,synthetic_team_dataset_v1,train,,,Pending
TR-C-13-2,Please have a person check this message: floodwater is rising around the electrical sockets while we are inside.,Critical,Rising water near live electricity creates immediate danger.,weather,formal_context,clear,train-critical-13,synthetic_team_dataset_v1,train,,,Pending
TR-C-13-3,I am contacting the service because floodwater is rising around the electrical sockets while we are inside.,Critical,Rising water near live electricity creates immediate danger.,weather,detailed_context,clear,train-critical-13,synthetic_team_dataset_v1,train,,,Pending
TR-C-13-4,pls check this msg: floodwaters rising around the electrical sockets while we are inside,Critical,Rising water near live electricity creates immediate danger.,weather,informal_or_typo,clear,train-critical-13,synthetic_team_dataset_v1,train,,,Pending
TR-C-14-1,There is a fire beside the fuel storage area and the flames are spreading.,Critical,Fire spreading toward fuel presents immediate risk of explosion and injury.,fire,plain,clear,train-critical-14,synthetic_team_dataset_v1,train,,,Pending
TR-C-14-2,Please have a person check this message: there is a fire beside the fuel storage area and the flames are spreading.,Critical,Fire spreading toward fuel presents immediate risk of explosion and injury.,fire,formal_context,clear,train-critical-14,synthetic_team_dataset_v1,train,,,Pending
TR-C-14-3,I am contacting the service because there is a fire beside the fuel storage area and the flames are spreading.,Critical,Fire spreading toward fuel presents immediate risk of explosion and injury.,fire,detailed_context,clear,train-critical-14,synthetic_team_dataset_v1,train,,,Pending
TR-C-14-4,pls check this msg: theres a fire beside the fuel storage area and the flames are spreading,Critical,Fire spreading toward fuel presents immediate risk of explosion and injury.,fire,informal_or_typo,clear,train-critical-14,synthetic_team_dataset_v1,train,,,Pending
TR-C-15-1,My neighbour is attacking another person on the ground now.,Critical,Physical violence occurring now requires immediate escalation.,violence,plain,clear,train-critical-15,synthetic_team_dataset_v1,train,,,Pending
TR-C-15-2,Please have a person check this message: my neighbour is attacking another person on the ground now.,Critical,Physical violence occurring now requires immediate escalation.,violence,formal_context,clear,train-critical-15,synthetic_team_dataset_v1,train,,,Pending
TR-C-15-3,I am contacting the service because my neighbour is attacking another person on the ground now.,Critical,Physical violence occurring now requires immediate escalation.,violence,detailed_context,clear,train-critical-15,synthetic_team_dataset_v1,train,,,Pending
TR-C-15-4,pls check this msg: my neighbours attacking another person on the ground now,Critical,Physical violence occurring now requires immediate escalation.,violence,informal_or_typo,clear,train-critical-15,synthetic_team_dataset_v1,train,,,Pending
TR-C-16-1,A toddler drank cleaning liquid and has started vomiting.,Critical,Possible poisoning with symptoms is immediately life-threatening.,poisoning,plain,clear,train-critical-16,synthetic_team_dataset_v1,train,,,Pending
TR-C-16-2,Please have a person check this message: a toddler drank cleaning liquid and has started vomiting.,Critical,Possible poisoning with symptoms is immediately life-threatening.,poisoning,formal_context,clear,train-critical-16,synthetic_team_dataset_v1,train,,,Pending
TR-C-16-3,I am contacting the service because a toddler drank cleaning liquid and has started vomiting.,Critical,Possible poisoning with symptoms is immediately life-threatening.,poisoning,detailed_context,clear,train-critical-16,synthetic_team_dataset_v1,train,,,Pending
TR-C-16-4,pls check this msg: a toddler drank cleaning liquid and has started vomiting,Critical,Possible poisoning with symptoms is immediately life-threatening.,poisoning,informal_or_typo,clear,train-critical-16,synthetic_team_dataset_v1,train,,,Pending
TR-C-17-1,The car crashed into the playground fence and a person is trapped.,Critical,A trapped person after a crash needs immediate emergency help.,accident,plain,clear,train-critical-17,synthetic_team_dataset_v1,train,,,Pending
TR-C-17-2,Please have a person check this message: the car crashed into the playground fence and a person is trapped.,Critical,A trapped person after a crash needs immediate emergency help.,accident,formal_context,clear,train-critical-17,synthetic_team_dataset_v1,train,,,Pending
TR-C-17-3,I am contacting the service because the car crashed into the playground fence and a person is trapped.,Critical,A trapped person after a crash needs immediate emergency help.,accident,detailed_context,clear,train-critical-17,synthetic_team_dataset_v1,train,,,Pending
TR-C-17-4,pls check this msg: the car crashed into the playground fence and a persons trapped,Critical,A trapped person after a crash needs immediate emergency help.,accident,informal_or_typo,clear,train-critical-17,synthetic_team_dataset_v1,train,,,Pending
TR-C-18-1,My father is struggling to breathe and his lips look blue.,Critical,Severe breathing difficulty with blue lips signals immediate danger.,medical,plain,clear,train-critical-18,synthetic_team_dataset_v1,train,,,Pending
TR-C-18-2,Please have a person check this message: my father is struggling to breathe and his lips look blue.,Critical,Severe breathing difficulty with blue lips signals immediate danger.,medical,formal_context,clear,train-critical-18,synthetic_team_dataset_v1,train,,,Pending
TR-C-18-3,I am contacting the service because my father is struggling to breathe and his lips look blue.,Critical,Severe breathing difficulty with blue lips signals immediate danger.,medical,detailed_context,clear,train-critical-18,synthetic_team_dataset_v1,train,,,Pending
TR-C-18-4,pls check this msg: my fathers struggling to breathe and his lips look blue,Critical,Severe breathing difficulty with blue lips signals immediate danger.,medical,informal_or_typo,clear,train-critical-18,synthetic_team_dataset_v1,train,,,Pending
TR-C-19-1,A live wire is lying across the school entrance with children nearby.,Critical,Exposed live electricity near children is an immediate hazard.,electrical,plain,clear,train-critical-19,synthetic_team_dataset_v1,train,,,Pending
TR-C-19-2,Please have a person check this message: a live wire is lying across the school entrance with children nearby.,Critical,Exposed live electricity near children is an immediate hazard.,electrical,formal_context,clear,train-critical-19,synthetic_team_dataset_v1,train,,,Pending
TR-C-19-3,I am contacting the service because a live wire is lying across the school entrance with children nearby.,Critical,Exposed live electricity near children is an immediate hazard.,electrical,detailed_context,clear,train-critical-19,synthetic_team_dataset_v1,train,,,Pending
TR-C-19-4,pls check this msg: a live wires lying across the school entrance with children nearby,Critical,Exposed live electricity near children is an immediate hazard.,electrical,informal_or_typo,clear,train-critical-19,synthetic_team_dataset_v1,train,,,Pending
TR-C-20-1,He says he has a gun and is coming to this office now.,Critical,Specific weapon threat with immediate intent requires emergency escalation.,violence,plain,clear,train-critical-20,synthetic_team_dataset_v1,train,,,Pending
TR-C-20-2,Please have a person check this message: he says he has a gun and is coming to this office now.,Critical,Specific weapon threat with immediate intent requires emergency escalation.,violence,formal_context,clear,train-critical-20,synthetic_team_dataset_v1,train,,,Pending
TR-C-20-3,I am contacting the service because he says he has a gun and is coming to this office now.,Critical,Specific weapon threat with immediate intent requires emergency escalation.,violence,detailed_context,clear,train-critical-20,synthetic_team_dataset_v1,train,,,Pending
TR-C-20-4,pls check this msg: he says he has a gun ands coming to this office now,Critical,Specific weapon threat with immediate intent requires emergency escalation.,violence,informal_or_typo,clear,train-critical-20,synthetic_team_dataset_v1,train,,,Pending
TR-C-21-1,The boat has overturned and three people are in the water without life jackets.,Critical,People in open water without flotation face immediate threat to life.,water_safety,plain,clear,train-critical-21,synthetic_team_dataset_v1,train,,,Pending
TR-C-21-2,Please have a person check this message: the boat has overturned and three people are in the water without life jackets.,Critical,People in open water without flotation face immediate threat to life.,water_safety,formal_context,clear,train-critical-21,synthetic_team_dataset_v1,train,,,Pending
TR-C-21-3,I am contacting the service because the boat has overturned and three people are in the water without life jackets.,Critical,People in open water without flotation face immediate threat to life.,water_safety,detailed_context,clear,train-critical-21,synthetic_team_dataset_v1,train,,,Pending
TR-C-21-4,pls check this msg: the boat has overturned and three people are in the water without life jackets,Critical,People in open water without flotation face immediate threat to life.,water_safety,informal_or_typo,clear,train-critical-21,synthetic_team_dataset_v1,train,,,Pending
TR-C-22-1,My sister is having a seizure that has continued for several minutes.,Critical,A prolonged seizure requires immediate emergency attention.,medical,plain,clear,train-critical-22,synthetic_team_dataset_v1,train,,,Pending
TR-C-22-2,Please have a person check this message: my sister is having a seizure that has continued for several minutes.,Critical,A prolonged seizure requires immediate emergency attention.,medical,formal_context,clear,train-critical-22,synthetic_team_dataset_v1,train,,,Pending
TR-C-22-3,I am contacting the service because my sister is having a seizure that has continued for several minutes.,Critical,A prolonged seizure requires immediate emergency attention.,medical,detailed_context,clear,train-critical-22,synthetic_team_dataset_v1,train,,,Pending
TR-C-22-4,pls check this msg: my sisters having a seizure that has continued for several minutes,Critical,A prolonged seizure requires immediate emergency attention.,medical,informal_or_typo,clear,train-critical-22,synthetic_team_dataset_v1,train,,,Pending
TR-C-23-1,We are trapped in the lift and one passenger is unconscious.,Critical,An unconscious person in a confined space is an immediate emergency.,medical,plain,clear,train-critical-23,synthetic_team_dataset_v1,train,,,Pending
TR-C-23-2,Please have a person check this message: we are trapped in the lift and one passenger is unconscious.,Critical,An unconscious person in a confined space is an immediate emergency.,medical,formal_context,clear,train-critical-23,synthetic_team_dataset_v1,train,,,Pending
TR-C-23-3,I am contacting the service because we are trapped in the lift and one passenger is unconscious.,Critical,An unconscious person in a confined space is an immediate emergency.,medical,detailed_context,clear,train-critical-23,synthetic_team_dataset_v1,train,,,Pending
TR-C-23-4,pls check this msg: we are trapped in the lift and one passengers unconscious,Critical,An unconscious person in a confined space is an immediate emergency.,medical,informal_or_typo,clear,train-critical-23,synthetic_team_dataset_v1,train,,,Pending
TR-C-24-1,The retaining wall is collapsing toward the occupied house.,Critical,Active structural collapse toward an occupied home creates immediate danger.,housing,plain,clear,train-critical-24,synthetic_team_dataset_v1,train,,,Pending
TR-C-24-2,Please have a person check this message: the retaining wall is collapsing toward the occupied house.,Critical,Active structural collapse toward an occupied home creates immediate danger.,housing,formal_context,clear,train-critical-24,synthetic_team_dataset_v1,train,,,Pending
TR-C-24-3,I am contacting the service because the retaining wall is collapsing toward the occupied house.,Critical,Active structural collapse toward an occupied home creates immediate danger.,housing,detailed_context,clear,train-critical-24,synthetic_team_dataset_v1,train,,,Pending
TR-C-24-4,pls check this msg: the retaining walls collapsing toward the occupied house,Critical,Active structural collapse toward an occupied home creates immediate danger.,housing,informal_or_typo,clear,train-critical-24,synthetic_team_dataset_v1,train,,,Pending
TR-C-25-1,There is smoke coming from the switchboard and the wall is hot.,Critical,Smoke and heat from electrical equipment indicate immediate fire risk.,electrical,plain,clear,train-critical-25,synthetic_team_dataset_v1,train,,,Pending
TR-C-25-2,Please have a person check this message: there is smoke coming from the switchboard and the wall is hot.,Critical,Smoke and heat from electrical equipment indicate immediate fire risk.,electrical,formal_context,clear,train-critical-25,synthetic_team_dataset_v1,train,,,Pending
TR-C-25-3,I am contacting the service because there is smoke coming from the switchboard and the wall is hot.,Critical,Smoke and heat from electrical equipment indicate immediate fire risk.,electrical,detailed_context,clear,train-critical-25,synthetic_team_dataset_v1,train,,,Pending
TR-C-25-4,pls check this msg: theres smoke coming from the switchboard and the walls hot,Critical,Smoke and heat from electrical equipment indicate immediate fire risk.,electrical,informal_or_typo,clear,train-critical-25,synthetic_team_dataset_v1,train,,,Pending
TR-U-01-1,Our only toilet is blocked and sewage is overflowing onto the floor.,Urgent,Loss of sanitation with sewage contamination needs prompt attention.,sanitation,plain,clear,train-urgent-01,synthetic_team_dataset_v1,train,,,Pending
TR-U-01-2,Please have a person check this message: our only toilet is blocked and sewage is overflowing onto the floor.,Urgent,Loss of sanitation with sewage contamination needs prompt attention.,sanitation,formal_context,clear,train-urgent-01,synthetic_team_dataset_v1,train,,,Pending
TR-U-01-3,I am contacting the service because our only toilet is blocked and sewage is overflowing onto the floor.,Urgent,Loss of sanitation with sewage contamination needs prompt attention.,sanitation,detailed_context,clear,train-urgent-01,synthetic_team_dataset_v1,train,,,Pending
TR-U-01-4,pls check this msg: our only toilets blocked and sewages overflowing onto the floor,Urgent,Loss of sanitation with sewage contamination needs prompt attention.,sanitation,informal_or_typo,clear,train-urgent-01,synthetic_team_dataset_v1,train,,,Pending
TR-U-02-1,We have had no running water for two days and there are young children here.,Urgent,Extended loss of water creates a serious welfare concern.,utilities,plain,clear,train-urgent-02,synthetic_team_dataset_v1,train,,,Pending
TR-U-02-2,Please have a person check this message: we have had no running water for two days and there are young children here.,Urgent,Extended loss of water creates a serious welfare concern.,utilities,formal_context,clear,train-urgent-02,synthetic_team_dataset_v1,train,,,Pending
TR-U-02-3,I am contacting the service because we have had no running water for two days and there are young children here.,Urgent,Extended loss of water creates a serious welfare concern.,utilities,detailed_context,clear,train-urgent-02,synthetic_team_dataset_v1,train,,,Pending
TR-U-02-4,pls check this msg: we have had no running water for two days and there are young children here,Urgent,Extended loss of water creates a serious welfare concern.,utilities,informal_or_typo,clear,train-urgent-02,synthetic_team_dataset_v1,train,,,Pending
TR-U-03-1,The front door lock is broken and the house cannot be secured tonight.,Urgent,Loss of home security creates a serious near-term safety risk.,housing,plain,clear,train-urgent-03,synthetic_team_dataset_v1,train,,,Pending
TR-U-03-2,Please have a person check this message: the front door lock is broken and the house cannot be secured tonight.,Urgent,Loss of home security creates a serious near-term safety risk.,housing,formal_context,clear,train-urgent-03,synthetic_team_dataset_v1,train,,,Pending
TR-U-03-3,I am contacting the service because the front door lock is broken and the house cannot be secured tonight.,Urgent,Loss of home security creates a serious near-term safety risk.,housing,detailed_context,clear,train-urgent-03,synthetic_team_dataset_v1,train,,,Pending
TR-U-03-4,pls check this msg: the front door locks broken and the house cant be secured tonight,Urgent,Loss of home security creates a serious near-term safety risk.,housing,informal_or_typo,clear,train-urgent-03,synthetic_team_dataset_v1,train,,,Pending
TR-U-04-1,My refrigerated medicine is warming because the power has been off since yesterday.,Urgent,Power loss threatens safe medicine storage and needs prompt review.,health,plain,hard,train-urgent-04,synthetic_team_dataset_v1,train,,,Pending
TR-U-04-2,Please have a person check this message: my refrigerated medicine is warming because the power has been off since yesterday.,Urgent,Power loss threatens safe medicine storage and needs prompt review.,health,formal_context,hard,train-urgent-04,synthetic_team_dataset_v1,train,,,Pending
TR-U-04-3,I am contacting the service because my refrigerated medicine is warming because the power has been off since yesterday.,Urgent,Power loss threatens safe medicine storage and needs prompt review.,health,detailed_context,hard,train-urgent-04,synthetic_team_dataset_v1,train,,,Pending
TR-U-04-4,pls check this msg: my refrigerated medicines warming cos the power has been off since yesterday,Urgent,Power loss threatens safe medicine storage and needs prompt review.,health,informal_or_typo,hard,train-urgent-04,synthetic_team_dataset_v1,train,,,Pending
TR-U-05-1,The wheelchair ramp is loose and I cannot leave the house safely.,Urgent,Failed accessibility equipment restricts safe movement.,accessibility,plain,clear,train-urgent-05,synthetic_team_dataset_v1,train,,,Pending
TR-U-05-2,Please have a person check this message: the wheelchair ramp is loose and I cannot leave the house safely.,Urgent,Failed accessibility equipment restricts safe movement.,accessibility,formal_context,clear,train-urgent-05,synthetic_team_dataset_v1,train,,,Pending
TR-U-05-3,I am contacting the service because the wheelchair ramp is loose and I cannot leave the house safely.,Urgent,Failed accessibility equipment restricts safe movement.,accessibility,detailed_context,clear,train-urgent-05,synthetic_team_dataset_v1,train,,,Pending
TR-U-05-4,pls check this msg: the wheelchair ramps loose and i cant leave the house safely,Urgent,Failed accessibility equipment restricts safe movement.,accessibility,informal_or_typo,clear,train-urgent-05,synthetic_team_dataset_v1,train,,,Pending
TR-U-06-1,"The roof is leaking heavily over the bed, but nobody is injured.",Urgent,Active water entry may worsen and make the room unusable.,housing,plain,clear,train-urgent-06,synthetic_team_dataset_v1,train,,,Pending
TR-U-06-2,"Please have a person check this message: the roof is leaking heavily over the bed, but nobody is injured.",Urgent,Active water entry may worsen and make the room unusable.,housing,formal_context,clear,train-urgent-06,synthetic_team_dataset_v1,train,,,Pending
TR-U-06-3,"I am contacting the service because the roof is leaking heavily over the bed, but nobody is injured.",Urgent,Active water entry may worsen and make the room unusable.,housing,detailed_context,clear,train-urgent-06,synthetic_team_dataset_v1,train,,,Pending
TR-U-06-4,"pls check this msg: the roofs leaking heavily over the bed, but nobodys injured",Urgent,Active water entry may worsen and make the room unusable.,housing,informal_or_typo,clear,train-urgent-06,synthetic_team_dataset_v1,train,,,Pending
TR-U-07-1,My support payment did not arrive and I have no food for today.,Urgent,Immediate food insecurity requires prompt human assistance.,welfare,plain,hard,train-urgent-07,synthetic_team_dataset_v1,train,,,Pending
TR-U-07-2,Please have a person check this message: my support payment did not arrive and I have no food for today.,Urgent,Immediate food insecurity requires prompt human assistance.,welfare,formal_context,hard,train-urgent-07,synthetic_team_dataset_v1,train,,,Pending
TR-U-07-3,I am contacting the service because my support payment did not arrive and I have no food for today.,Urgent,Immediate food insecurity requires prompt human assistance.,welfare,detailed_context,hard,train-urgent-07,synthetic_team_dataset_v1,train,,,Pending
TR-U-07-4,pls check this msg: my support payment did not arrive and i have no food for today,Urgent,Immediate food insecurity requires prompt human assistance.,welfare,informal_or_typo,hard,train-urgent-07,synthetic_team_dataset_v1,train,,,Pending
TR-U-08-1,The smoke alarm displays an error and will not work when tested.,Urgent,Failed safety equipment needs prompt repair although no fire is reported.,fire_safety,plain,hard,train-urgent-08,synthetic_team_dataset_v1,train,,,Pending
TR-U-08-2,Please have a person check this message: the smoke alarm displays an error and will not work when tested.,Urgent,Failed safety equipment needs prompt repair although no fire is reported.,fire_safety,formal_context,hard,train-urgent-08,synthetic_team_dataset_v1,train,,,Pending
TR-U-08-3,I am contacting the service because the smoke alarm displays an error and will not work when tested.,Urgent,Failed safety equipment needs prompt repair although no fire is reported.,fire_safety,detailed_context,hard,train-urgent-08,synthetic_team_dataset_v1,train,,,Pending
TR-U-08-4,pls check this msg: the smoke alarm displays an error and will not work when tested,Urgent,Failed safety equipment needs prompt repair although no fire is reported.,fire_safety,informal_or_typo,hard,train-urgent-08,synthetic_team_dataset_v1,train,,,Pending
TR-U-09-1,The bathroom floor is soft and sinking beside the shower.,Urgent,Possible structural failure could cause injury and needs rapid inspection.,housing,plain,hard,train-urgent-09,synthetic_team_dataset_v1,train,,,Pending
TR-U-09-2,Please have a person check this message: the bathroom floor is soft and sinking beside the shower.,Urgent,Possible structural failure could cause injury and needs rapid inspection.,housing,formal_context,hard,train-urgent-09,synthetic_team_dataset_v1,train,,,Pending
TR-U-09-3,I am contacting the service because the bathroom floor is soft and sinking beside the shower.,Urgent,Possible structural failure could cause injury and needs rapid inspection.,housing,detailed_context,hard,train-urgent-09,synthetic_team_dataset_v1,train,,,Pending
TR-U-09-4,pls check this msg: the bathroom floors soft and sinking beside the shower,Urgent,Possible structural failure could cause injury and needs rapid inspection.,housing,informal_or_typo,hard,train-urgent-09,synthetic_team_dataset_v1,train,,,Pending
TR-U-10-1,An elderly resident is becoming unwell because the cooling has failed in extreme heat.,Urgent,Heat exposure affecting a vulnerable resident requires prompt assessment.,health,plain,hard,train-urgent-10,synthetic_team_dataset_v1,train,,,Pending
TR-U-10-2,Please have a person check this message: an elderly resident is becoming unwell because the cooling has failed in extreme heat.,Urgent,Heat exposure affecting a vulnerable resident requires prompt assessment.,health,formal_context,hard,train-urgent-10,synthetic_team_dataset_v1,train,,,Pending
TR-U-10-3,I am contacting the service because an elderly resident is becoming unwell because the cooling has failed in extreme heat.,Urgent,Heat exposure affecting a vulnerable resident requires prompt assessment.,health,detailed_context,hard,train-urgent-10,synthetic_team_dataset_v1,train,,,Pending
TR-U-10-4,pls check this msg: an elderly residents becoming unwell cos the cooling has failed in extreme heat,Urgent,Heat exposure affecting a vulnerable resident requires prompt assessment.,health,informal_or_typo,hard,train-urgent-10,synthetic_team_dataset_v1,train,,,Pending
TR-U-11-1,"I received repeated threats by text, but the sender is not here now.",Urgent,Threats require prompt human safety assessment without a current attack.,safety,plain,hard,train-urgent-11,synthetic_team_dataset_v1,train,,,Pending
TR-U-11-2,"Please have a person check this message: i received repeated threats by text, but the sender is not here now.",Urgent,Threats require prompt human safety assessment without a current attack.,safety,formal_context,hard,train-urgent-11,synthetic_team_dataset_v1,train,,,Pending
TR-U-11-3,"I am contacting the service because i received repeated threats by text, but the sender is not here now.",Urgent,Threats require prompt human safety assessment without a current attack.,safety,detailed_context,hard,train-urgent-11,synthetic_team_dataset_v1,train,,,Pending
TR-U-11-4,"pls check this msg: i received repeated threats by text, but the senders not here now",Urgent,Threats require prompt human safety assessment without a current attack.,safety,informal_or_typo,hard,train-urgent-11,synthetic_team_dataset_v1,train,,,Pending
TR-U-12-1,My prescription assistance expires tomorrow and I cannot afford the medicine.,Urgent,Near-term interruption to essential medicine needs prompt attention.,health,plain,hard,train-urgent-12,synthetic_team_dataset_v1,train,,,Pending
TR-U-12-2,Please have a person check this message: my prescription assistance expires tomorrow and I cannot afford the medicine.,Urgent,Near-term interruption to essential medicine needs prompt attention.,health,formal_context,hard,train-urgent-12,synthetic_team_dataset_v1,train,,,Pending
TR-U-12-3,I am contacting the service because my prescription assistance expires tomorrow and I cannot afford the medicine.,Urgent,Near-term interruption to essential medicine needs prompt attention.,health,detailed_context,hard,train-urgent-12,synthetic_team_dataset_v1,train,,,Pending
TR-U-12-4,pls check this msg: my prescription assistance expires tomorrow and i cant afford the medicine,Urgent,Near-term interruption to essential medicine needs prompt attention.,health,informal_or_typo,hard,train-urgent-12,synthetic_team_dataset_v1,train,,,Pending
TR-U-13-1,The only road out is flooding and may become impassable soon.,Urgent,Access may soon be cut off and requires prompt coordination.,weather,plain,hard,train-urgent-13,synthetic_team_dataset_v1,train,,,Pending
TR-U-13-2,Please have a person check this message: the only road out is flooding and may become impassable soon.,Urgent,Access may soon be cut off and requires prompt coordination.,weather,formal_context,hard,train-urgent-13,synthetic_team_dataset_v1,train,,,Pending
TR-U-13-3,I am contacting the service because the only road out is flooding and may become impassable soon.,Urgent,Access may soon be cut off and requires prompt coordination.,weather,detailed_context,hard,train-urgent-13,synthetic_team_dataset_v1,train,,,Pending
TR-U-13-4,pls check this msg: the only road outs flooding and may become impassable soon,Urgent,Access may soon be cut off and requires prompt coordination.,weather,informal_or_typo,hard,train-urgent-13,synthetic_team_dataset_v1,train,,,Pending
TR-U-14-1,I was discharged today and the promised home-care worker has not arrived.,Urgent,Missing post-discharge support may create a near-term welfare risk.,health,plain,hard,train-urgent-14,synthetic_team_dataset_v1,train,,,Pending
TR-U-14-2,Please have a person check this message: i was discharged today and the promised home-care worker has not arrived.,Urgent,Missing post-discharge support may create a near-term welfare risk.,health,formal_context,hard,train-urgent-14,synthetic_team_dataset_v1,train,,,Pending
TR-U-14-3,I am contacting the service because i was discharged today and the promised home-care worker has not arrived.,Urgent,Missing post-discharge support may create a near-term welfare risk.,health,detailed_context,hard,train-urgent-14,synthetic_team_dataset_v1,train,,,Pending
TR-U-14-4,pls check this msg: i was discharged today and the promised home-care worker has not arrived,Urgent,Missing post-discharge support may create a near-term welfare risk.,health,informal_or_typo,hard,train-urgent-14,synthetic_team_dataset_v1,train,,,Pending
TR-U-15-1,A large aggressive dog is roaming beside the school gate; no one is injured.,Urgent,Potential danger near children needs prompt response.,animal_safety,plain,hard,train-urgent-15,synthetic_team_dataset_v1,train,,,Pending
TR-U-15-2,Please have a person check this message: a large aggressive dog is roaming beside the school gate; no one is injured.,Urgent,Potential danger near children needs prompt response.,animal_safety,formal_context,hard,train-urgent-15,synthetic_team_dataset_v1,train,,,Pending
TR-U-15-3,I am contacting the service because a large aggressive dog is roaming beside the school gate; no one is injured.,Urgent,Potential danger near children needs prompt response.,animal_safety,detailed_context,hard,train-urgent-15,synthetic_team_dataset_v1,train,,,Pending
TR-U-15-4,pls check this msg: a large aggressive dogs roaming beside the school gate; no ones injured,Urgent,Potential danger near children needs prompt response.,animal_safety,informal_or_typo,hard,train-urgent-15,synthetic_team_dataset_v1,train,,,Pending
TR-U-16-1,"There are exposed wires beside a wet laundry floor, with no smoke or sparks.",Urgent,Electrical hazard needs prompt inspection though immediate harm is not occurring.,electrical,plain,hard,train-urgent-16,synthetic_team_dataset_v1,train,,,Pending
TR-U-16-2,"Please have a person check this message: there are exposed wires beside a wet laundry floor, with no smoke or sparks.",Urgent,Electrical hazard needs prompt inspection though immediate harm is not occurring.,electrical,formal_context,hard,train-urgent-16,synthetic_team_dataset_v1,train,,,Pending
TR-U-16-3,"I am contacting the service because there are exposed wires beside a wet laundry floor, with no smoke or sparks.",Urgent,Electrical hazard needs prompt inspection though immediate harm is not occurring.,electrical,detailed_context,hard,train-urgent-16,synthetic_team_dataset_v1,train,,,Pending
TR-U-16-4,"pls check this msg: there are exposed wires beside a wet laundry floor, with no smoke or sparks",Urgent,Electrical hazard needs prompt inspection though immediate harm is not occurring.,electrical,informal_or_typo,hard,train-urgent-16,synthetic_team_dataset_v1,train,,,Pending
TR-U-17-1,My child has been missing since this morning and the phone is switched off.,Urgent,A missing child requires immediate human assessment and escalation.,child_safety,plain,hard,train-urgent-17,synthetic_team_dataset_v1,train,,,Pending
TR-U-17-2,Please have a person check this message: my child has been missing since this morning and the phone is switched off.,Urgent,A missing child requires immediate human assessment and escalation.,child_safety,formal_context,hard,train-urgent-17,synthetic_team_dataset_v1,train,,,Pending
TR-U-17-3,I am contacting the service because my child has been missing since this morning and the phone is switched off.,Urgent,A missing child requires immediate human assessment and escalation.,child_safety,detailed_context,hard,train-urgent-17,synthetic_team_dataset_v1,train,,,Pending
TR-U-17-4,pls check this msg: my child has been missing since this morning and the phones switched off,Urgent,A missing child requires immediate human assessment and escalation.,child_safety,informal_or_typo,hard,train-urgent-17,synthetic_team_dataset_v1,train,,,Pending
TR-U-18-1,The freezer at the community food service failed and donated food is thawing.,Urgent,Loss of stored food affects community welfare and needs prompt action.,food_security,plain,clear,train-urgent-18,synthetic_team_dataset_v1,train,,,Pending
TR-U-18-2,Please have a person check this message: the freezer at the community food service failed and donated food is thawing.,Urgent,Loss of stored food affects community welfare and needs prompt action.,food_security,formal_context,clear,train-urgent-18,synthetic_team_dataset_v1,train,,,Pending
TR-U-18-3,I am contacting the service because the freezer at the community food service failed and donated food is thawing.,Urgent,Loss of stored food affects community welfare and needs prompt action.,food_security,detailed_context,clear,train-urgent-18,synthetic_team_dataset_v1,train,,,Pending
TR-U-18-4,pls check this msg: the freezer at the community food service failed and donated foods thawing,Urgent,Loss of stored food affects community welfare and needs prompt action.,food_security,informal_or_typo,clear,train-urgent-18,synthetic_team_dataset_v1,train,,,Pending
TR-U-19-1,A tree branch has cracked and is hanging over the main footpath.,Urgent,Falling branch risk requires prompt isolation and removal.,infrastructure,plain,clear,train-urgent-19,synthetic_team_dataset_v1,train,,,Pending
TR-U-19-2,Please have a person check this message: a tree branch has cracked and is hanging over the main footpath.,Urgent,Falling branch risk requires prompt isolation and removal.,infrastructure,formal_context,clear,train-urgent-19,synthetic_team_dataset_v1,train,,,Pending
TR-U-19-3,I am contacting the service because a tree branch has cracked and is hanging over the main footpath.,Urgent,Falling branch risk requires prompt isolation and removal.,infrastructure,detailed_context,clear,train-urgent-19,synthetic_team_dataset_v1,train,,,Pending
TR-U-19-4,pls check this msg: a tree branch has cracked ands hanging over the main footpath,Urgent,Falling branch risk requires prompt isolation and removal.,infrastructure,informal_or_typo,clear,train-urgent-19,synthetic_team_dataset_v1,train,,,Pending
TR-U-20-1,The clinic cancelled tomorrow’s transport for a patient who cannot walk.,Urgent,Loss of essential accessible transport needs prompt coordination.,accessibility,plain,hard,train-urgent-20,synthetic_team_dataset_v1,train,,,Pending
TR-U-20-2,Please have a person check this message: the clinic cancelled tomorrow’s transport for a patient who cannot walk.,Urgent,Loss of essential accessible transport needs prompt coordination.,accessibility,formal_context,hard,train-urgent-20,synthetic_team_dataset_v1,train,,,Pending
TR-U-20-3,I am contacting the service because the clinic cancelled tomorrow’s transport for a patient who cannot walk.,Urgent,Loss of essential accessible transport needs prompt coordination.,accessibility,detailed_context,hard,train-urgent-20,synthetic_team_dataset_v1,train,,,Pending
TR-U-20-4,pls check this msg: the clinic cancelled tomorrow’s transport for a patient who cant walk,Urgent,Loss of essential accessible transport needs prompt coordination.,accessibility,informal_or_typo,hard,train-urgent-20,synthetic_team_dataset_v1,train,,,Pending
TR-U-21-1,There is mould across the child’s bedroom wall and the child has asthma.,Urgent,Mould exposure affecting a child with asthma needs prompt review.,housing,plain,hard,train-urgent-21,synthetic_team_dataset_v1,train,,,Pending
TR-U-21-2,Please have a person check this message: there is mould across the child’s bedroom wall and the child has asthma.,Urgent,Mould exposure affecting a child with asthma needs prompt review.,housing,formal_context,hard,train-urgent-21,synthetic_team_dataset_v1,train,,,Pending
TR-U-21-3,I am contacting the service because there is mould across the child’s bedroom wall and the child has asthma.,Urgent,Mould exposure affecting a child with asthma needs prompt review.,housing,detailed_context,hard,train-urgent-21,synthetic_team_dataset_v1,train,,,Pending
TR-U-21-4,pls check this msg: theres mould across the child’s bedroom wall and the child has asthma,Urgent,Mould exposure affecting a child with asthma needs prompt review.,housing,informal_or_typo,hard,train-urgent-21,synthetic_team_dataset_v1,train,,,Pending
TR-U-22-1,The community refrigerator holding insulin is not staying cold.,Urgent,Unsafe insulin storage is a serious health issue requiring prompt action.,health,plain,clear,train-urgent-22,synthetic_team_dataset_v1,train,,,Pending
TR-U-22-2,Please have a person check this message: the community refrigerator holding insulin is not staying cold.,Urgent,Unsafe insulin storage is a serious health issue requiring prompt action.,health,formal_context,clear,train-urgent-22,synthetic_team_dataset_v1,train,,,Pending
TR-U-22-3,I am contacting the service because the community refrigerator holding insulin is not staying cold.,Urgent,Unsafe insulin storage is a serious health issue requiring prompt action.,health,detailed_context,clear,train-urgent-22,synthetic_team_dataset_v1,train,,,Pending
TR-U-22-4,pls check this msg: the community refrigerator holding insulins not staying cold,Urgent,Unsafe insulin storage is a serious health issue requiring prompt action.,health,informal_or_typo,clear,train-urgent-22,synthetic_team_dataset_v1,train,,,Pending
TR-U-23-1,"The emergency exit door at the hall is jammed, although no event is running now.",Urgent,Blocked emergency exit requires prompt repair before the facility is used.,fire_safety,plain,hard,train-urgent-23,synthetic_team_dataset_v1,train,,,Pending
TR-U-23-2,"Please have a person check this message: the emergency exit door at the hall is jammed, although no event is running now.",Urgent,Blocked emergency exit requires prompt repair before the facility is used.,fire_safety,formal_context,hard,train-urgent-23,synthetic_team_dataset_v1,train,,,Pending
TR-U-23-3,"I am contacting the service because the emergency exit door at the hall is jammed, although no event is running now.",Urgent,Blocked emergency exit requires prompt repair before the facility is used.,fire_safety,detailed_context,hard,train-urgent-23,synthetic_team_dataset_v1,train,,,Pending
TR-U-23-4,"pls check this msg: the emergency exit door at the halls jammed, although no events running now",Urgent,Blocked emergency exit requires prompt repair before the facility is used.,fire_safety,informal_or_typo,hard,train-urgent-23,synthetic_team_dataset_v1,train,,,Pending
TR-U-24-1,"The neighbour has left and the argument is over, but they threatened to return tonight.",Urgent,A future threat needs prompt human safety planning.,safety,plain,hard,train-urgent-24,synthetic_team_dataset_v1,train,,,Pending
TR-U-24-2,"Please have a person check this message: the neighbour has left and the argument is over, but they threatened to return tonight.",Urgent,A future threat needs prompt human safety planning.,safety,formal_context,hard,train-urgent-24,synthetic_team_dataset_v1,train,,,Pending
TR-U-24-3,"I am contacting the service because the neighbour has left and the argument is over, but they threatened to return tonight.",Urgent,A future threat needs prompt human safety planning.,safety,detailed_context,hard,train-urgent-24,synthetic_team_dataset_v1,train,,,Pending
TR-U-24-4,"pls check this msg: the neighbour has left and the arguments over, but they threatened to return tonight",Urgent,A future threat needs prompt human safety planning.,safety,informal_or_typo,hard,train-urgent-24,synthetic_team_dataset_v1,train,,,Pending
TR-U-25-1,The water tank is almost empty and the next delivery is not scheduled for a week.,Urgent,Imminent loss of essential water supply requires prompt coordination.,utilities,plain,clear,train-urgent-25,synthetic_team_dataset_v1,train,,,Pending
TR-U-25-2,Please have a person check this message: the water tank is almost empty and the next delivery is not scheduled for a week.,Urgent,Imminent loss of essential water supply requires prompt coordination.,utilities,formal_context,clear,train-urgent-25,synthetic_team_dataset_v1,train,,,Pending
TR-U-25-3,I am contacting the service because the water tank is almost empty and the next delivery is not scheduled for a week.,Urgent,Imminent loss of essential water supply requires prompt coordination.,utilities,detailed_context,clear,train-urgent-25,synthetic_team_dataset_v1,train,,,Pending
TR-U-25-4,pls check this msg: the water tanks almost empty and the next deliverys not scheduled for a week,Urgent,Imminent loss of essential water supply requires prompt coordination.,utilities,informal_or_typo,clear,train-urgent-25,synthetic_team_dataset_v1,train,,,Pending
TR-R-01-1,Please update my postal address for future letters.,Routine,Administrative record update can follow normal processing.,administration,plain,clear,train-routine-01,synthetic_team_dataset_v1,train,,,Pending
TR-R-01-2,Please have a person check this message: please update my postal address for future letters.,Routine,Administrative record update can follow normal processing.,administration,formal_context,clear,train-routine-01,synthetic_team_dataset_v1,train,,,Pending
TR-R-01-3,I am contacting the service because please update my postal address for future letters.,Routine,Administrative record update can follow normal processing.,administration,detailed_context,clear,train-routine-01,synthetic_team_dataset_v1,train,,,Pending
TR-R-01-4,pls check this msg: pls update my postal address for future letters,Routine,Administrative record update can follow normal processing.,administration,informal_or_typo,clear,train-routine-01,synthetic_team_dataset_v1,train,,,Pending
TR-R-02-1,I would like to book an appointment for next month.,Routine,Future appointment request has no stated urgency.,booking,plain,clear,train-routine-02,synthetic_team_dataset_v1,train,,,Pending
TR-R-02-2,Please have a person check this message: i would like to book an appointment for next month.,Routine,Future appointment request has no stated urgency.,booking,formal_context,clear,train-routine-02,synthetic_team_dataset_v1,train,,,Pending
TR-R-02-3,I am contacting the service because i would like to book an appointment for next month.,Routine,Future appointment request has no stated urgency.,booking,detailed_context,clear,train-routine-02,synthetic_team_dataset_v1,train,,,Pending
TR-R-02-4,pls check this msg: i would like to book an appointment for next month,Routine,Future appointment request has no stated urgency.,booking,informal_or_typo,clear,train-routine-02,synthetic_team_dataset_v1,train,,,Pending
TR-R-03-1,Can you send me another copy of the application form?,Routine,Document request can be handled through normal service.,administration,plain,clear,train-routine-03,synthetic_team_dataset_v1,train,,,Pending
TR-R-03-2,Please have a person check this message: can you send me another copy of the application form?,Routine,Document request can be handled through normal service.,administration,formal_context,clear,train-routine-03,synthetic_team_dataset_v1,train,,,Pending
TR-R-03-3,I am contacting the service because can you send me another copy of the application form?,Routine,Document request can be handled through normal service.,administration,detailed_context,clear,train-routine-03,synthetic_team_dataset_v1,train,,,Pending
TR-R-03-4,pls check this msg: can you send me another copy of the application form?,Routine,Document request can be handled through normal service.,administration,informal_or_typo,clear,train-routine-03,synthetic_team_dataset_v1,train,,,Pending
TR-R-04-1,The garden tap drips slowly when it is turned off.,Routine,Minor maintenance issue has no immediate safety impact.,maintenance,plain,clear,train-routine-04,synthetic_team_dataset_v1,train,,,Pending
TR-R-04-2,Please have a person check this message: the garden tap drips slowly when it is turned off.,Routine,Minor maintenance issue has no immediate safety impact.,maintenance,formal_context,clear,train-routine-04,synthetic_team_dataset_v1,train,,,Pending
TR-R-04-3,I am contacting the service because the garden tap drips slowly when it is turned off.,Routine,Minor maintenance issue has no immediate safety impact.,maintenance,detailed_context,clear,train-routine-04,synthetic_team_dataset_v1,train,,,Pending
TR-R-04-4,pls check this msg: the garden tap drips slowly when its turned off,Routine,Minor maintenance issue has no immediate safety impact.,maintenance,informal_or_typo,clear,train-routine-04,synthetic_team_dataset_v1,train,,,Pending
TR-R-05-1,What time does the community office open on Fridays?,Routine,General information request requires normal processing.,information,plain,clear,train-routine-05,synthetic_team_dataset_v1,train,,,Pending
TR-R-05-2,Please have a person check this message: what time does the community office open on Fridays?,Routine,General information request requires normal processing.,information,formal_context,clear,train-routine-05,synthetic_team_dataset_v1,train,,,Pending
TR-R-05-3,I am contacting the service because what time does the community office open on Fridays?,Routine,General information request requires normal processing.,information,detailed_context,clear,train-routine-05,synthetic_team_dataset_v1,train,,,Pending
TR-R-05-4,pls check this msg: what time does the community office open on fridays?,Routine,General information request requires normal processing.,information,informal_or_typo,clear,train-routine-05,synthetic_team_dataset_v1,train,,,Pending
TR-R-06-1,Please correct the spelling of my surname on the newsletter.,Routine,Minor administrative correction is routine.,administration,plain,clear,train-routine-06,synthetic_team_dataset_v1,train,,,Pending
TR-R-06-2,Please have a person check this message: please correct the spelling of my surname on the newsletter.,Routine,Minor administrative correction is routine.,administration,formal_context,clear,train-routine-06,synthetic_team_dataset_v1,train,,,Pending
TR-R-06-3,I am contacting the service because please correct the spelling of my surname on the newsletter.,Routine,Minor administrative correction is routine.,administration,detailed_context,clear,train-routine-06,synthetic_team_dataset_v1,train,,,Pending
TR-R-06-4,pls check this msg: pls correct the spelling of my surname on the newsletter,Routine,Minor administrative correction is routine.,administration,informal_or_typo,clear,train-routine-06,synthetic_team_dataset_v1,train,,,Pending
TR-R-07-1,The bedroom wall needs repainting when maintenance is next available.,Routine,Cosmetic maintenance with flexible timing is routine.,maintenance,plain,clear,train-routine-07,synthetic_team_dataset_v1,train,,,Pending
TR-R-07-2,Please have a person check this message: the bedroom wall needs repainting when maintenance is next available.,Routine,Cosmetic maintenance with flexible timing is routine.,maintenance,formal_context,clear,train-routine-07,synthetic_team_dataset_v1,train,,,Pending
TR-R-07-3,I am contacting the service because the bedroom wall needs repainting when maintenance is next available.,Routine,Cosmetic maintenance with flexible timing is routine.,maintenance,detailed_context,clear,train-routine-07,synthetic_team_dataset_v1,train,,,Pending
TR-R-07-4,pls check this msg: the bedroom wall needs repainting when maintenances next available,Routine,Cosmetic maintenance with flexible timing is routine.,maintenance,informal_or_typo,clear,train-routine-07,synthetic_team_dataset_v1,train,,,Pending
TR-R-08-1,Thank you for repairing the gate last week.,Routine,Feedback contains no request requiring escalation.,feedback,plain,clear,train-routine-08,synthetic_team_dataset_v1,train,,,Pending
TR-R-08-2,Please have a person check this message: thank you for repairing the gate last week.,Routine,Feedback contains no request requiring escalation.,feedback,formal_context,clear,train-routine-08,synthetic_team_dataset_v1,train,,,Pending
TR-R-08-3,I am contacting the service because thank you for repairing the gate last week.,Routine,Feedback contains no request requiring escalation.,feedback,detailed_context,clear,train-routine-08,synthetic_team_dataset_v1,train,,,Pending
TR-R-08-4,pls check this msg: thank you for repairing the gate last week,Routine,Feedback contains no request requiring escalation.,feedback,informal_or_typo,clear,train-routine-08,synthetic_team_dataset_v1,train,,,Pending
TR-R-09-1,Could I receive information about school-holiday programs?,Routine,General program enquiry can follow normal processing.,information,plain,clear,train-routine-09,synthetic_team_dataset_v1,train,,,Pending
TR-R-09-2,Please have a person check this message: could I receive information about school-holiday programs?,Routine,General program enquiry can follow normal processing.,information,formal_context,clear,train-routine-09,synthetic_team_dataset_v1,train,,,Pending
TR-R-09-3,I am contacting the service because could I receive information about school-holiday programs?,Routine,General program enquiry can follow normal processing.,information,detailed_context,clear,train-routine-09,synthetic_team_dataset_v1,train,,,Pending
TR-R-09-4,pls check this msg: could i receive information about school-holiday programs?,Routine,General program enquiry can follow normal processing.,information,informal_or_typo,clear,train-routine-09,synthetic_team_dataset_v1,train,,,Pending
TR-R-10-1,I submitted my form today and want confirmation that it arrived.,Routine,Receipt confirmation is a standard administrative request.,administration,plain,clear,train-routine-10,synthetic_team_dataset_v1,train,,,Pending
TR-R-10-2,Please have a person check this message: i submitted my form today and want confirmation that it arrived.,Routine,Receipt confirmation is a standard administrative request.,administration,formal_context,clear,train-routine-10,synthetic_team_dataset_v1,train,,,Pending
TR-R-10-3,I am contacting the service because i submitted my form today and want confirmation that it arrived.,Routine,Receipt confirmation is a standard administrative request.,administration,detailed_context,clear,train-routine-10,synthetic_team_dataset_v1,train,,,Pending
TR-R-10-4,pls check this msg: i submitted my form today and want confirmation that it arrived,Routine,Receipt confirmation is a standard administrative request.,administration,informal_or_typo,clear,train-routine-10,synthetic_team_dataset_v1,train,,,Pending
TR-R-11-1,Please add me to the community meeting mailing list.,Routine,Mailing-list subscription is a routine task.,administration,plain,clear,train-routine-11,synthetic_team_dataset_v1,train,,,Pending
TR-R-11-2,Please have a person check this message: please add me to the community meeting mailing list.,Routine,Mailing-list subscription is a routine task.,administration,formal_context,clear,train-routine-11,synthetic_team_dataset_v1,train,,,Pending
TR-R-11-3,I am contacting the service because please add me to the community meeting mailing list.,Routine,Mailing-list subscription is a routine task.,administration,detailed_context,clear,train-routine-11,synthetic_team_dataset_v1,train,,,Pending
TR-R-11-4,pls check this msg: pls add me to the community meeting mailing list,Routine,Mailing-list subscription is a routine task.,administration,informal_or_typo,clear,train-routine-11,synthetic_team_dataset_v1,train,,,Pending
TR-R-12-1,The cupboard handle is loose but the cupboard still works.,Routine,Minor defect does not prevent use or create stated danger.,maintenance,plain,clear,train-routine-12,synthetic_team_dataset_v1,train,,,Pending
TR-R-12-2,Please have a person check this message: the cupboard handle is loose but the cupboard still works.,Routine,Minor defect does not prevent use or create stated danger.,maintenance,formal_context,clear,train-routine-12,synthetic_team_dataset_v1,train,,,Pending
TR-R-12-3,I am contacting the service because the cupboard handle is loose but the cupboard still works.,Routine,Minor defect does not prevent use or create stated danger.,maintenance,detailed_context,clear,train-routine-12,synthetic_team_dataset_v1,train,,,Pending
TR-R-12-4,pls check this msg: the cupboard handles loose but the cupboard still works,Routine,Minor defect does not prevent use or create stated danger.,maintenance,informal_or_typo,clear,train-routine-12,synthetic_team_dataset_v1,train,,,Pending
TR-R-13-1,I need to cancel an appointment scheduled for next week.,Routine,Future scheduling change is routine.,booking,plain,clear,train-routine-13,synthetic_team_dataset_v1,train,,,Pending
TR-R-13-2,Please have a person check this message: i need to cancel an appointment scheduled for next week.,Routine,Future scheduling change is routine.,booking,formal_context,clear,train-routine-13,synthetic_team_dataset_v1,train,,,Pending
TR-R-13-3,I am contacting the service because i need to cancel an appointment scheduled for next week.,Routine,Future scheduling change is routine.,booking,detailed_context,clear,train-routine-13,synthetic_team_dataset_v1,train,,,Pending
TR-R-13-4,pls check this msg: i need to cancel an appointment scheduled for next week,Routine,Future scheduling change is routine.,booking,informal_or_typo,clear,train-routine-13,synthetic_team_dataset_v1,train,,,Pending
TR-R-14-1,Could you explain the fees shown on this month’s statement?,Routine,Billing clarification can follow standard processing.,administration,plain,clear,train-routine-14,synthetic_team_dataset_v1,train,,,Pending
TR-R-14-2,Please have a person check this message: could you explain the fees shown on this month’s statement?,Routine,Billing clarification can follow standard processing.,administration,formal_context,clear,train-routine-14,synthetic_team_dataset_v1,train,,,Pending
TR-R-14-3,I am contacting the service because could you explain the fees shown on this month’s statement?,Routine,Billing clarification can follow standard processing.,administration,detailed_context,clear,train-routine-14,synthetic_team_dataset_v1,train,,,Pending
TR-R-14-4,pls check this msg: could you explain the fees shown on this month’s statement?,Routine,Billing clarification can follow standard processing.,administration,informal_or_typo,clear,train-routine-14,synthetic_team_dataset_v1,train,,,Pending
TR-R-15-1,Where can I download last year’s annual report?,Routine,Public document enquiry is routine.,information,plain,clear,train-routine-15,synthetic_team_dataset_v1,train,,,Pending
TR-R-15-2,Please have a person check this message: where can I download last year’s annual report?,Routine,Public document enquiry is routine.,information,formal_context,clear,train-routine-15,synthetic_team_dataset_v1,train,,,Pending
TR-R-15-3,I am contacting the service because where can I download last year’s annual report?,Routine,Public document enquiry is routine.,information,detailed_context,clear,train-routine-15,synthetic_team_dataset_v1,train,,,Pending
TR-R-15-4,pls check this msg: where can i download last year’s annual report?,Routine,Public document enquiry is routine.,information,informal_or_typo,clear,train-routine-15,synthetic_team_dataset_v1,train,,,Pending
TR-R-16-1,The porch light bulb needs replacing when someone is available.,Routine,Ordinary bulb replacement has no stated immediate risk.,maintenance,plain,clear,train-routine-16,synthetic_team_dataset_v1,train,,,Pending
TR-R-16-2,Please have a person check this message: the porch light bulb needs replacing when someone is available.,Routine,Ordinary bulb replacement has no stated immediate risk.,maintenance,formal_context,clear,train-routine-16,synthetic_team_dataset_v1,train,,,Pending
TR-R-16-3,I am contacting the service because the porch light bulb needs replacing when someone is available.,Routine,Ordinary bulb replacement has no stated immediate risk.,maintenance,detailed_context,clear,train-routine-16,synthetic_team_dataset_v1,train,,,Pending
TR-R-16-4,pls check this msg: the porch light bulb needs replacing when sumones available,Routine,Ordinary bulb replacement has no stated immediate risk.,maintenance,informal_or_typo,clear,train-routine-16,synthetic_team_dataset_v1,train,,,Pending
TR-R-17-1,I am checking the progress of the form I lodged two days ago.,Routine,Recent status enquiry can follow normal service times.,administration,plain,clear,train-routine-17,synthetic_team_dataset_v1,train,,,Pending
TR-R-17-2,Please have a person check this message: i am checking the progress of the form I lodged two days ago.,Routine,Recent status enquiry can follow normal service times.,administration,formal_context,clear,train-routine-17,synthetic_team_dataset_v1,train,,,Pending
TR-R-17-3,I am contacting the service because i am checking the progress of the form I lodged two days ago.,Routine,Recent status enquiry can follow normal service times.,administration,detailed_context,clear,train-routine-17,synthetic_team_dataset_v1,train,,,Pending
TR-R-17-4,pls check this msg: i am checking the progress of the form i lodged two days ago,Routine,Recent status enquiry can follow normal service times.,administration,informal_or_typo,clear,train-routine-17,synthetic_team_dataset_v1,train,,,Pending
TR-R-18-1,Please tell me how to apply for a concession card.,Routine,General application guidance is a routine request.,information,plain,clear,train-routine-18,synthetic_team_dataset_v1,train,,,Pending
TR-R-18-2,Please have a person check this message: please tell me how to apply for a concession card.,Routine,General application guidance is a routine request.,information,formal_context,clear,train-routine-18,synthetic_team_dataset_v1,train,,,Pending
TR-R-18-3,I am contacting the service because please tell me how to apply for a concession card.,Routine,General application guidance is a routine request.,information,detailed_context,clear,train-routine-18,synthetic_team_dataset_v1,train,,,Pending
TR-R-18-4,pls check this msg: pls tell me how to apply for a concession card,Routine,General application guidance is a routine request.,information,informal_or_typo,clear,train-routine-18,synthetic_team_dataset_v1,train,,,Pending
TR-R-19-1,The grass near the fence should be cut during the next scheduled visit.,Routine,Scheduled grounds maintenance is not urgent.,maintenance,plain,clear,train-routine-19,synthetic_team_dataset_v1,train,,,Pending
TR-R-19-2,Please have a person check this message: the grass near the fence should be cut during the next scheduled visit.,Routine,Scheduled grounds maintenance is not urgent.,maintenance,formal_context,clear,train-routine-19,synthetic_team_dataset_v1,train,,,Pending
TR-R-19-3,I am contacting the service because the grass near the fence should be cut during the next scheduled visit.,Routine,Scheduled grounds maintenance is not urgent.,maintenance,detailed_context,clear,train-routine-19,synthetic_team_dataset_v1,train,,,Pending
TR-R-19-4,pls check this msg: the grass near the fence should be cut during the next scheduled visit,Routine,Scheduled grounds maintenance is not urgent.,maintenance,informal_or_typo,clear,train-routine-19,synthetic_team_dataset_v1,train,,,Pending
TR-R-20-1,I am very angry that my account name is wrong; please fix it.,Routine,Emotional wording does not make a minor account correction urgent.,administration,plain,hard,train-routine-20,synthetic_team_dataset_v1,train,,,Pending
TR-R-20-2,Please have a person check this message: i am very angry that my account name is wrong; please fix it.,Routine,Emotional wording does not make a minor account correction urgent.,administration,formal_context,hard,train-routine-20,synthetic_team_dataset_v1,train,,,Pending
TR-R-20-3,I am contacting the service because i am very angry that my account name is wrong; please fix it.,Routine,Emotional wording does not make a minor account correction urgent.,administration,detailed_context,hard,train-routine-20,synthetic_team_dataset_v1,train,,,Pending
TR-R-20-4,pls check this msg: i am very angry that my account names wrong; pls fix it,Routine,Emotional wording does not make a minor account correction urgent.,administration,informal_or_typo,hard,train-routine-20,synthetic_team_dataset_v1,train,,,Pending
TR-R-21-1,URGENT: please send the community event timetable before Friday.,Routine,The sender’s urgency wording concerns a normal information request.,information,plain,hard,train-routine-21,synthetic_team_dataset_v1,train,,,Pending
TR-R-21-2,Please have a person check this message: uRGENT: please send the community event timetable before Friday.,Routine,The sender’s urgency wording concerns a normal information request.,information,formal_context,hard,train-routine-21,synthetic_team_dataset_v1,train,,,Pending
TR-R-21-3,I am contacting the service because uRGENT: please send the community event timetable before Friday.,Routine,The sender’s urgency wording concerns a normal information request.,information,detailed_context,hard,train-routine-21,synthetic_team_dataset_v1,train,,,Pending
TR-R-21-4,pls check this msg: urgent: pls send the community event timetable before friday,Routine,The sender’s urgency wording concerns a normal information request.,information,informal_or_typo,hard,train-routine-21,synthetic_team_dataset_v1,train,,,Pending
TR-R-22-1,I need the parking permit application today because I forgot to submit it.,Routine,Personal deadline does not create a safety or welfare emergency.,administration,plain,hard,train-routine-22,synthetic_team_dataset_v1,train,,,Pending
TR-R-22-2,Please have a person check this message: i need the parking permit application today because I forgot to submit it.,Routine,Personal deadline does not create a safety or welfare emergency.,administration,formal_context,hard,train-routine-22,synthetic_team_dataset_v1,train,,,Pending
TR-R-22-3,I am contacting the service because i need the parking permit application today because I forgot to submit it.,Routine,Personal deadline does not create a safety or welfare emergency.,administration,detailed_context,hard,train-routine-22,synthetic_team_dataset_v1,train,,,Pending
TR-R-22-4,pls check this msg: i need the parking permit application today cos i forgot to submit it,Routine,Personal deadline does not create a safety or welfare emergency.,administration,informal_or_typo,hard,train-routine-22,synthetic_team_dataset_v1,train,,,Pending
TR-R-23-1,The air conditioner makes a quiet clicking sound but still cools normally.,Routine,Minor equipment noise without loss of service is routine.,maintenance,plain,hard,train-routine-23,synthetic_team_dataset_v1,train,,,Pending
TR-R-23-2,Please have a person check this message: the air conditioner makes a quiet clicking sound but still cools normally.,Routine,Minor equipment noise without loss of service is routine.,maintenance,formal_context,hard,train-routine-23,synthetic_team_dataset_v1,train,,,Pending
TR-R-23-3,I am contacting the service because the air conditioner makes a quiet clicking sound but still cools normally.,Routine,Minor equipment noise without loss of service is routine.,maintenance,detailed_context,hard,train-routine-23,synthetic_team_dataset_v1,train,,,Pending
TR-R-23-4,pls check this msg: the air conditioner makes a quiet clicking sound but still cools normally,Routine,Minor equipment noise without loss of service is routine.,maintenance,informal_or_typo,hard,train-routine-23,synthetic_team_dataset_v1,train,,,Pending
TR-R-24-1,Please change my preferred contact method from phone to email.,Routine,Communication preference update is routine.,administration,plain,clear,train-routine-24,synthetic_team_dataset_v1,train,,,Pending
TR-R-24-2,Please have a person check this message: please change my preferred contact method from phone to email.,Routine,Communication preference update is routine.,administration,formal_context,clear,train-routine-24,synthetic_team_dataset_v1,train,,,Pending
TR-R-24-3,I am contacting the service because please change my preferred contact method from phone to email.,Routine,Communication preference update is routine.,administration,detailed_context,clear,train-routine-24,synthetic_team_dataset_v1,train,,,Pending
TR-R-24-4,pls check this msg: pls change my preferred contact method from phone to email,Routine,Communication preference update is routine.,administration,informal_or_typo,clear,train-routine-24,synthetic_team_dataset_v1,train,,,Pending
TR-R-25-1,Can I provide feedback about the service I received yesterday?,Routine,General feedback request can follow normal processing.,feedback,plain,clear,train-routine-25,synthetic_team_dataset_v1,train,,,Pending
TR-R-25-2,Please have a person check this message: can I provide feedback about the service I received yesterday?,Routine,General feedback request can follow normal processing.,feedback,formal_context,clear,train-routine-25,synthetic_team_dataset_v1,train,,,Pending
TR-R-25-3,I am contacting the service because can I provide feedback about the service I received yesterday?,Routine,General feedback request can follow normal processing.,feedback,detailed_context,clear,train-routine-25,synthetic_team_dataset_v1,train,,,Pending
TR-R-25-4,pls check this msg: can i provide feedback about the service i received yesterday?,Routine,General feedback request can follow normal processing.,feedback,informal_or_typo,clear,train-routine-25,synthetic_team_dataset_v1,train,,,Pending
TR-N-01-1,Please help before this gets worse.,Uncertain,The problem and level of danger are not described.,vague,plain,hard,train-uncertain-01,synthetic_team_dataset_v1,train,,,Pending
TR-N-01-2,Please have a person check this message: please help before this gets worse.,Uncertain,The problem and level of danger are not described.,vague,formal_context,hard,train-uncertain-01,synthetic_team_dataset_v1,train,,,Pending
TR-N-01-3,I am contacting the service because please help before this gets worse.,Uncertain,The problem and level of danger are not described.,vague,detailed_context,hard,train-uncertain-01,synthetic_team_dataset_v1,train,,,Pending
TR-N-01-4,pls check this msg: pls help before this gets worse,Uncertain,The problem and level of danger are not described.,vague,informal_or_typo,hard,train-uncertain-01,synthetic_team_dataset_v1,train,,,Pending
TR-N-02-1,Something bad happened at the house. Call me.,Uncertain,Possible concern lacks details about what happened or whether danger continues.,vague,plain,hard,train-uncertain-02,synthetic_team_dataset_v1,train,,,Pending
TR-N-02-2,Please have a person check this message: something bad happened at the house. Call me.,Uncertain,Possible concern lacks details about what happened or whether danger continues.,vague,formal_context,hard,train-uncertain-02,synthetic_team_dataset_v1,train,,,Pending
TR-N-02-3,I am contacting the service because something bad happened at the house. Call me.,Uncertain,Possible concern lacks details about what happened or whether danger continues.,vague,detailed_context,hard,train-uncertain-02,synthetic_team_dataset_v1,train,,,Pending
TR-N-02-4,pls check this msg: something bad happened at the house. call me,Uncertain,Possible concern lacks details about what happened or whether danger continues.,vague,informal_or_typo,hard,train-uncertain-02,synthetic_team_dataset_v1,train,,,Pending
TR-N-03-1,I do not feel safe after what happened yesterday.,Uncertain,Safety concern lacks details about whether danger is current.,safety,plain,hard,train-uncertain-03,synthetic_team_dataset_v1,train,,,Pending
TR-N-03-2,Please have a person check this message: i do not feel safe after what happened yesterday.,Uncertain,Safety concern lacks details about whether danger is current.,safety,formal_context,hard,train-uncertain-03,synthetic_team_dataset_v1,train,,,Pending
TR-N-03-3,I am contacting the service because i do not feel safe after what happened yesterday.,Uncertain,Safety concern lacks details about whether danger is current.,safety,detailed_context,hard,train-uncertain-03,synthetic_team_dataset_v1,train,,,Pending
TR-N-03-4,pls check this msg: i do not feel safe after what happened yesterday,Uncertain,Safety concern lacks details about whether danger is current.,safety,informal_or_typo,hard,train-uncertain-03,synthetic_team_dataset_v1,train,,,Pending
TR-N-04-1,The machine is making that noise again.,Uncertain,"The equipment, noise, impact and location are unidentified.",maintenance,plain,hard,train-uncertain-04,synthetic_team_dataset_v1,train,,,Pending
TR-N-04-2,Please have a person check this message: the machine is making that noise again.,Uncertain,"The equipment, noise, impact and location are unidentified.",maintenance,formal_context,hard,train-uncertain-04,synthetic_team_dataset_v1,train,,,Pending
TR-N-04-3,I am contacting the service because the machine is making that noise again.,Uncertain,"The equipment, noise, impact and location are unidentified.",maintenance,detailed_context,hard,train-uncertain-04,synthetic_team_dataset_v1,train,,,Pending
TR-N-04-4,pls check this msg: the machines making that noise again,Uncertain,"The equipment, noise, impact and location are unidentified.",maintenance,informal_or_typo,hard,train-uncertain-04,synthetic_team_dataset_v1,train,,,Pending
TR-N-05-1,"Need someone here soon, maybe not today.",Uncertain,Timing is conflicting and the underlying issue is missing.,vague,plain,hard,train-uncertain-05,synthetic_team_dataset_v1,train,,,Pending
TR-N-05-2,"Please have a person check this message: need someone here soon, maybe not today.",Uncertain,Timing is conflicting and the underlying issue is missing.,vague,formal_context,hard,train-uncertain-05,synthetic_team_dataset_v1,train,,,Pending
TR-N-05-3,"I am contacting the service because need someone here soon, maybe not today.",Uncertain,Timing is conflicting and the underlying issue is missing.,vague,detailed_context,hard,train-uncertain-05,synthetic_team_dataset_v1,train,,,Pending
TR-N-05-4,"pls check this msg: need sumone here soon, maybe not today",Uncertain,Timing is conflicting and the underlying issue is missing.,vague,informal_or_typo,hard,train-uncertain-05,synthetic_team_dataset_v1,train,,,Pending
TR-N-06-1,My child is sick.,Uncertain,"Symptoms, severity and immediate danger are not described.",health,plain,hard,train-uncertain-06,synthetic_team_dataset_v1,train,,,Pending
TR-N-06-2,Please have a person check this message: my child is sick.,Uncertain,"Symptoms, severity and immediate danger are not described.",health,formal_context,hard,train-uncertain-06,synthetic_team_dataset_v1,train,,,Pending
TR-N-06-3,I am contacting the service because my child is sick.,Uncertain,"Symptoms, severity and immediate danger are not described.",health,detailed_context,hard,train-uncertain-06,synthetic_team_dataset_v1,train,,,Pending
TR-N-06-4,pls check this msg: my childs sick,Uncertain,"Symptoms, severity and immediate danger are not described.",health,informal_or_typo,hard,train-uncertain-06,synthetic_team_dataset_v1,train,,,Pending
TR-N-07-1,There is water near the house but I cannot tell where it comes from.,Uncertain,"Possible hazard lacks location, extent and current impact.",housing,plain,hard,train-uncertain-07,synthetic_team_dataset_v1,train,,,Pending
TR-N-07-2,Please have a person check this message: there is water near the house but I cannot tell where it comes from.,Uncertain,"Possible hazard lacks location, extent and current impact.",housing,formal_context,hard,train-uncertain-07,synthetic_team_dataset_v1,train,,,Pending
TR-N-07-3,I am contacting the service because there is water near the house but I cannot tell where it comes from.,Uncertain,"Possible hazard lacks location, extent and current impact.",housing,detailed_context,hard,train-uncertain-07,synthetic_team_dataset_v1,train,,,Pending
TR-N-07-4,pls check this msg: theres water near the house but i cant tell where it comes from,Uncertain,"Possible hazard lacks location, extent and current impact.",housing,informal_or_typo,hard,train-uncertain-07,synthetic_team_dataset_v1,train,,,Pending
TR-N-08-1,Urgent urgent urgent please read this.,Uncertain,Urgency words alone do not explain the problem or risk.,vague,plain,hard,train-uncertain-08,synthetic_team_dataset_v1,train,,,Pending
TR-N-08-2,Please have a person check this message: urgent urgent urgent please read this.,Uncertain,Urgency words alone do not explain the problem or risk.,vague,formal_context,hard,train-uncertain-08,synthetic_team_dataset_v1,train,,,Pending
TR-N-08-3,I am contacting the service because urgent urgent urgent please read this.,Uncertain,Urgency words alone do not explain the problem or risk.,vague,detailed_context,hard,train-uncertain-08,synthetic_team_dataset_v1,train,,,Pending
TR-N-08-4,pls check this msg: urgent urgent urgent pls read this,Uncertain,Urgency words alone do not explain the problem or risk.,vague,informal_or_typo,hard,train-uncertain-08,synthetic_team_dataset_v1,train,,,Pending
TR-N-09-1,"I received a message that worried me, but it might be nothing.",Uncertain,The concerning content and level of danger are unknown.,safety,plain,hard,train-uncertain-09,synthetic_team_dataset_v1,train,,,Pending
TR-N-09-2,"Please have a person check this message: i received a message that worried me, but it might be nothing.",Uncertain,The concerning content and level of danger are unknown.,safety,formal_context,hard,train-uncertain-09,synthetic_team_dataset_v1,train,,,Pending
TR-N-09-3,"I am contacting the service because i received a message that worried me, but it might be nothing.",Uncertain,The concerning content and level of danger are unknown.,safety,detailed_context,hard,train-uncertain-09,synthetic_team_dataset_v1,train,,,Pending
TR-N-09-4,"pls check this msg: i received a message that worried me, but it might be nothing",Uncertain,The concerning content and level of danger are unknown.,safety,informal_or_typo,hard,train-uncertain-09,synthetic_team_dataset_v1,train,,,Pending
TR-N-10-1,Can somebody call about my case? It is complicated.,Uncertain,"No issue, consequence or time requirement is provided.",administration,plain,hard,train-uncertain-10,synthetic_team_dataset_v1,train,,,Pending
TR-N-10-2,Please have a person check this message: can somebody call about my case? It is complicated.,Uncertain,"No issue, consequence or time requirement is provided.",administration,formal_context,hard,train-uncertain-10,synthetic_team_dataset_v1,train,,,Pending
TR-N-10-3,I am contacting the service because can somebody call about my case? It is complicated.,Uncertain,"No issue, consequence or time requirement is provided.",administration,detailed_context,hard,train-uncertain-10,synthetic_team_dataset_v1,train,,,Pending
TR-N-10-4,pls check this msg: can somebody call about my case? its complicated,Uncertain,"No issue, consequence or time requirement is provided.",administration,informal_or_typo,hard,train-uncertain-10,synthetic_team_dataset_v1,train,,,Pending
TR-N-11-1,They are coming back. Please do something.,Uncertain,"A possible threat is implied but people, timing and circumstances are unclear.",safety,plain,hard,train-uncertain-11,synthetic_team_dataset_v1,train,,,Pending
TR-N-11-2,Please have a person check this message: they are coming back. Please do something.,Uncertain,"A possible threat is implied but people, timing and circumstances are unclear.",safety,formal_context,hard,train-uncertain-11,synthetic_team_dataset_v1,train,,,Pending
TR-N-11-3,I am contacting the service because they are coming back. Please do something.,Uncertain,"A possible threat is implied but people, timing and circumstances are unclear.",safety,detailed_context,hard,train-uncertain-11,synthetic_team_dataset_v1,train,,,Pending
TR-N-11-4,pls check this msg: they are coming back. pls do something,Uncertain,"A possible threat is implied but people, timing and circumstances are unclear.",safety,informal_or_typo,hard,train-uncertain-11,synthetic_team_dataset_v1,train,,,Pending
TR-N-12-1,The smell is getting stronger.,Uncertain,"The source, location and health effects of the smell are missing.",environment,plain,hard,train-uncertain-12,synthetic_team_dataset_v1,train,,,Pending
TR-N-12-2,Please have a person check this message: the smell is getting stronger.,Uncertain,"The source, location and health effects of the smell are missing.",environment,formal_context,hard,train-uncertain-12,synthetic_team_dataset_v1,train,,,Pending
TR-N-12-3,I am contacting the service because the smell is getting stronger.,Uncertain,"The source, location and health effects of the smell are missing.",environment,detailed_context,hard,train-uncertain-12,synthetic_team_dataset_v1,train,,,Pending
TR-N-12-4,pls check this msg: the smells getting stronger,Uncertain,"The source, location and health effects of the smell are missing.",environment,informal_or_typo,hard,train-uncertain-12,synthetic_team_dataset_v1,train,,,Pending
TR-N-13-1,I cannot get in and I need help.,Uncertain,This could be a routine lockout or a safety emergency; context is absent.,access,plain,hard,train-uncertain-13,synthetic_team_dataset_v1,train,,,Pending
TR-N-13-2,Please have a person check this message: i cannot get in and I need help.,Uncertain,This could be a routine lockout or a safety emergency; context is absent.,access,formal_context,hard,train-uncertain-13,synthetic_team_dataset_v1,train,,,Pending
TR-N-13-3,I am contacting the service because i cannot get in and I need help.,Uncertain,This could be a routine lockout or a safety emergency; context is absent.,access,detailed_context,hard,train-uncertain-13,synthetic_team_dataset_v1,train,,,Pending
TR-N-13-4,pls check this msg: i cant get in and i need help,Uncertain,This could be a routine lockout or a safety emergency; context is absent.,access,informal_or_typo,hard,train-uncertain-13,synthetic_team_dataset_v1,train,,,Pending
TR-N-14-1,Please call urgently about the letter you sent.,Uncertain,Urgent wording is present but the issue and consequences are unknown.,administration,plain,hard,train-uncertain-14,synthetic_team_dataset_v1,train,,,Pending
TR-N-14-2,Please have a person check this message: please call urgently about the letter you sent.,Uncertain,Urgent wording is present but the issue and consequences are unknown.,administration,formal_context,hard,train-uncertain-14,synthetic_team_dataset_v1,train,,,Pending
TR-N-14-3,I am contacting the service because please call urgently about the letter you sent.,Uncertain,Urgent wording is present but the issue and consequences are unknown.,administration,detailed_context,hard,train-uncertain-14,synthetic_team_dataset_v1,train,,,Pending
TR-N-14-4,pls check this msg: pls call urgently about the letter you sent,Uncertain,Urgent wording is present but the issue and consequences are unknown.,administration,informal_or_typo,hard,train-uncertain-14,synthetic_team_dataset_v1,train,,,Pending
TR-N-15-1,The children are scared because of what is outside.,Uncertain,Possible danger is not identified and immediacy cannot be established.,safety,plain,hard,train-uncertain-15,synthetic_team_dataset_v1,train,,,Pending
TR-N-15-2,Please have a person check this message: the children are scared because of what is outside.,Uncertain,Possible danger is not identified and immediacy cannot be established.,safety,formal_context,hard,train-uncertain-15,synthetic_team_dataset_v1,train,,,Pending
TR-N-15-3,I am contacting the service because the children are scared because of what is outside.,Uncertain,Possible danger is not identified and immediacy cannot be established.,safety,detailed_context,hard,train-uncertain-15,synthetic_team_dataset_v1,train,,,Pending
TR-N-15-4,pls check this msg: the children are scared cos of whats outside,Uncertain,Possible danger is not identified and immediacy cannot be established.,safety,informal_or_typo,hard,train-uncertain-15,synthetic_team_dataset_v1,train,,,Pending
TR-N-16-1,I am bleeding but it is probably okay.,Uncertain,"Injury is mentioned but location, severity and cause are missing.",health,plain,hard,train-uncertain-16,synthetic_team_dataset_v1,train,,,Pending
TR-N-16-2,Please have a person check this message: i am bleeding but it is probably okay.,Uncertain,"Injury is mentioned but location, severity and cause are missing.",health,formal_context,hard,train-uncertain-16,synthetic_team_dataset_v1,train,,,Pending
TR-N-16-3,I am contacting the service because i am bleeding but it is probably okay.,Uncertain,"Injury is mentioned but location, severity and cause are missing.",health,detailed_context,hard,train-uncertain-16,synthetic_team_dataset_v1,train,,,Pending
TR-N-16-4,pls check this msg: i am bleeding but its probably okay,Uncertain,"Injury is mentioned but location, severity and cause are missing.",health,informal_or_typo,hard,train-uncertain-16,synthetic_team_dataset_v1,train,,,Pending
TR-N-17-1,Everything stopped working after the noise.,Uncertain,"Affected services, hazard and impact are unspecified.",utilities,plain,hard,train-uncertain-17,synthetic_team_dataset_v1,train,,,Pending
TR-N-17-2,Please have a person check this message: everything stopped working after the noise.,Uncertain,"Affected services, hazard and impact are unspecified.",utilities,formal_context,hard,train-uncertain-17,synthetic_team_dataset_v1,train,,,Pending
TR-N-17-3,I am contacting the service because everything stopped working after the noise.,Uncertain,"Affected services, hazard and impact are unspecified.",utilities,detailed_context,hard,train-uncertain-17,synthetic_team_dataset_v1,train,,,Pending
TR-N-17-4,pls check this msg: everything stopped working after the noise,Uncertain,"Affected services, hazard and impact are unspecified.",utilities,informal_or_typo,hard,train-uncertain-17,synthetic_team_dataset_v1,train,,,Pending
TR-N-18-1,I need this fixed today or I will complain everywhere.,Uncertain,Demanded speed is not evidence of safety risk and the fault is missing.,vague,plain,hard,train-uncertain-18,synthetic_team_dataset_v1,train,,,Pending
TR-N-18-2,Please have a person check this message: i need this fixed today or I will complain everywhere.,Uncertain,Demanded speed is not evidence of safety risk and the fault is missing.,vague,formal_context,hard,train-uncertain-18,synthetic_team_dataset_v1,train,,,Pending
TR-N-18-3,I am contacting the service because i need this fixed today or I will complain everywhere.,Uncertain,Demanded speed is not evidence of safety risk and the fault is missing.,vague,detailed_context,hard,train-uncertain-18,synthetic_team_dataset_v1,train,,,Pending
TR-N-18-4,pls check this msg: i need this fixed today or i will complain everywhere,Uncertain,Demanded speed is not evidence of safety risk and the fault is missing.,vague,informal_or_typo,hard,train-uncertain-18,synthetic_team_dataset_v1,train,,,Pending
TR-N-19-1,An officer said to contact you if it happened again. It happened again.,Uncertain,The present event is not described.,vague,plain,hard,train-uncertain-19,synthetic_team_dataset_v1,train,,,Pending
TR-N-19-2,Please have a person check this message: an officer said to contact you if it happened again. It happened again.,Uncertain,The present event is not described.,vague,formal_context,hard,train-uncertain-19,synthetic_team_dataset_v1,train,,,Pending
TR-N-19-3,I am contacting the service because an officer said to contact you if it happened again. It happened again.,Uncertain,The present event is not described.,vague,detailed_context,hard,train-uncertain-19,synthetic_team_dataset_v1,train,,,Pending
TR-N-19-4,pls check this msg: an officer said to contact you if it happened again. it happened again,Uncertain,The present event is not described.,vague,informal_or_typo,hard,train-uncertain-19,synthetic_team_dataset_v1,train,,,Pending
TR-N-20-1,"There may be someone in the empty building, but I am not sure.",Uncertain,"Unverified observation lacks behaviour, danger and immediacy details.",safety,plain,hard,train-uncertain-20,synthetic_team_dataset_v1,train,,,Pending
TR-N-20-2,"Please have a person check this message: there may be someone in the empty building, but I am not sure.",Uncertain,"Unverified observation lacks behaviour, danger and immediacy details.",safety,formal_context,hard,train-uncertain-20,synthetic_team_dataset_v1,train,,,Pending
TR-N-20-3,"I am contacting the service because there may be someone in the empty building, but I am not sure.",Uncertain,"Unverified observation lacks behaviour, danger and immediacy details.",safety,detailed_context,hard,train-uncertain-20,synthetic_team_dataset_v1,train,,,Pending
TR-N-20-4,"pls check this msg: there may be sumone in the empty building, but i am not sure",Uncertain,"Unverified observation lacks behaviour, danger and immediacy details.",safety,informal_or_typo,hard,train-uncertain-20,synthetic_team_dataset_v1,train,,,Pending
TR-N-21-1,The light is flashing and I do not know what it means.,Uncertain,"Device, location and consequence are not identified.",equipment,plain,hard,train-uncertain-21,synthetic_team_dataset_v1,train,,,Pending
TR-N-21-2,Please have a person check this message: the light is flashing and I do not know what it means.,Uncertain,"Device, location and consequence are not identified.",equipment,formal_context,hard,train-uncertain-21,synthetic_team_dataset_v1,train,,,Pending
TR-N-21-3,I am contacting the service because the light is flashing and I do not know what it means.,Uncertain,"Device, location and consequence are not identified.",equipment,detailed_context,hard,train-uncertain-21,synthetic_team_dataset_v1,train,,,Pending
TR-N-21-4,pls check this msg: the lights flashing and i do not know what it means,Uncertain,"Device, location and consequence are not identified.",equipment,informal_or_typo,hard,train-uncertain-21,synthetic_team_dataset_v1,train,,,Pending
TR-N-22-1,He fell earlier but says he is fine now.,Uncertain,Potential injury is mentioned without symptoms or severity.,health,plain,hard,train-uncertain-22,synthetic_team_dataset_v1,train,,,Pending
TR-N-22-2,Please have a person check this message: he fell earlier but says he is fine now.,Uncertain,Potential injury is mentioned without symptoms or severity.,health,formal_context,hard,train-uncertain-22,synthetic_team_dataset_v1,train,,,Pending
TR-N-22-3,I am contacting the service because he fell earlier but says he is fine now.,Uncertain,Potential injury is mentioned without symptoms or severity.,health,detailed_context,hard,train-uncertain-22,synthetic_team_dataset_v1,train,,,Pending
TR-N-22-4,pls check this msg: he fell earlier but says hes fine now,Uncertain,Potential injury is mentioned without symptoms or severity.,health,informal_or_typo,hard,train-uncertain-22,synthetic_team_dataset_v1,train,,,Pending
TR-N-23-1,"No fire now, but there was smoke before.",Uncertain,"The source, duration and present hazard need clarification.",fire,plain,hard,train-uncertain-23,synthetic_team_dataset_v1,train,,,Pending
TR-N-23-2,"Please have a person check this message: no fire now, but there was smoke before.",Uncertain,"The source, duration and present hazard need clarification.",fire,formal_context,hard,train-uncertain-23,synthetic_team_dataset_v1,train,,,Pending
TR-N-23-3,"I am contacting the service because no fire now, but there was smoke before.",Uncertain,"The source, duration and present hazard need clarification.",fire,detailed_context,hard,train-uncertain-23,synthetic_team_dataset_v1,train,,,Pending
TR-N-23-4,"pls check this msg: no fire now, but there was smoke before",Uncertain,"The source, duration and present hazard need clarification.",fire,informal_or_typo,hard,train-uncertain-23,synthetic_team_dataset_v1,train,,,Pending
TR-N-24-1,"I have nowhere to go tonight, maybe a friend can help.",Uncertain,Possible homelessness is indicated but current safety and available support are unclear.,welfare,plain,hard,train-uncertain-24,synthetic_team_dataset_v1,train,,,Pending
TR-N-24-2,"Please have a person check this message: i have nowhere to go tonight, maybe a friend can help.",Uncertain,Possible homelessness is indicated but current safety and available support are unclear.,welfare,formal_context,hard,train-uncertain-24,synthetic_team_dataset_v1,train,,,Pending
TR-N-24-3,"I am contacting the service because i have nowhere to go tonight, maybe a friend can help.",Uncertain,Possible homelessness is indicated but current safety and available support are unclear.,welfare,detailed_context,hard,train-uncertain-24,synthetic_team_dataset_v1,train,,,Pending
TR-N-24-4,"pls check this msg: i have nowhere to go tonight, maybe a friend can help",Uncertain,Possible homelessness is indicated but current safety and available support are unclear.,welfare,informal_or_typo,hard,train-uncertain-24,synthetic_team_dataset_v1,train,,,Pending
TR-N-25-1,The door will not close and I am not at the property.,Uncertain,Security impact and occupancy are unclear.,housing,plain,hard,train-uncertain-25,synthetic_team_dataset_v1,train,,,Pending
TR-N-25-2,Please have a person check this message: the door will not close and I am not at the property.,Uncertain,Security impact and occupancy are unclear.,housing,formal_context,hard,train-uncertain-25,synthetic_team_dataset_v1,train,,,Pending
TR-N-25-3,I am contacting the service because the door will not close and I am not at the property.,Uncertain,Security impact and occupancy are unclear.,housing,detailed_context,hard,train-uncertain-25,synthetic_team_dataset_v1,train,,,Pending
TR-N-25-4,pls check this msg: the door will not close and i am not at the property,Uncertain,Security impact and occupancy are unclear.,housing,informal_or_typo,hard,train-uncertain-25,synthetic_team_dataset_v1,train,,,Pending
